{"web":{"client_id":"1007741832060-3a2l55e4ffosstc9g32f73650khbf5f7.apps.googleusercontent.com","project_id":"reservasi-438900","auth_uri":"https://accounts.google.com/o/oauth2/auth","token_uri":"https://oauth2.googleapis.com/token","auth_provider_x509_cert_url":"https://www.googleapis.com/oauth2/v1/certs","client_secret":"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","redirect_uris":["http://localhost:8000/api/v1/auth/google/callback","http://localhost:8000/api/v1/auth/google"],"javascript_origins":["http://localhost:8000"]}}